id;name;1992K1;1992K2;1992K3;1992K4;1993K1;1993K2;1993K3;1993K4;1994K1;1994K2;1994K3;1994K4;1995K1;1995K2;1995K3;1995K4;1996K1;1996K2;1996K3;1996K4;1997K1;1997K2;1997K3;1997K4;1998K1;1998K2;1998K3;1998K4;1999K1;1999K2;1999K3;1999K4;2000K1;2000K2;2000K3;2000K4;2001K1;2001K2;2001K3;2001K4;2002K1;2002K2;2002K3;2002K4;2003K1;2003K2;2003K3;2003K4;2004K1;2004K2;2004K3;2004K4;2005K1;2005K2;2005K3;2005K4;2006K1;2006K2;2006K3;2006K4;2007K1;2007K2;2007K3;2007K4;2008K1;2008K2;2008K3;2008K4;2009K1;2009K2;2009K3;2009K4;2010K1;2010K2;2010K3;2010K4;2011K1;2011K2;2011K3;2011K4;2012K1;2012K2;2012K3;2012K4;2013K1;2013K2;2013K3;2013K4;2014K1;2014K2;2014K3;2014K4;2015K1;2015K2;2015K3;2015K4;2016K1;2016K2;2016K3;2016K4;2017K1;2017K2;2017K3;2017K4;2018K1;2018K2;2018K3;2018K4;2019K1;2019K2;2019K3;2019K4;2020K1;2020K2;2020K3
101;København;0;0;0;0;0;0;0;0;0;0;0;0;0;0;0;0;0;0;0;0;0;0;0;0;0;0;0;0;0;0;0;0;0;0;0;0;0;0;0;0;0;0;0;0;0;0;0;0;0;0;0;0;0;0;0;0;0;0;0;0;0;0;0;0;0;0;0;0;0;0;0;0;0;0;0;0;0;0;0;0;0;0;0;0;0;0;0;0;0;0;0;0;0;0;0;0;0;0;0;0;0;0;0;0;0;0;0;0;0;0;0;0;0;0;0
147;Frederiksberg;0;0;0;0;0;0;0;0;0;0;0;0;0;0;0;0;0;0;0;0;0;0;0;0;0;0;0;0;0;0;0;0;0;0;0;0;0;0;0;0;0;0;0;0;0;0;0;0;0;0;0;0;0;0;0;0;0;0;0;0;0;0;0;0;0;0;0;0;0;0;0;0;0;0;0;0;0;0;0;0;0;0;0;0;0;0;0;0;0;0;0;0;0;0;0;0;0;0;0;0;0;0;0;0;0;0;0;0;0;0;0;0;0;0;0
155;Dragør;0;0;0;0;0;0;0;0;0;0;0;0;0;0;0;0;0;0;0;0;0;0;0;0;0;0;0;0;0;0;0;0;0;0;0;0;0;0;0;0;0;0;0;0;0;0;0;0;0;0;0;0;0;0;0;0;0;0;0;0;0;0;0;0;0;0;0;0;0;0;0;0;0;0;0;0;0;0;0;0;0;0;0;0;0;0;0;0;0;0;0;0;0;0;0;0;0;0;0;0;0;0;0;0;0;0;0;0;0;0;0;0;0;0;0
185;Tårnby;0;0;0;0;0;0;0;0;0;0;0;0;0;0;0;0;0;0;0;0;0;0;0;0;0;0;0;0;0;0;0;0;0;0;0;0;0;0;0;0;0;0;0;0;0;0;0;0;0;0;0;0;0;0;0;0;0;0;0;0;0;0;0;0;0;0;0;0;0;0;0;0;0;0;0;0;0;0;0;0;0;0;0;0;0;0;0;0;0;0;0;0;0;0;0;0;0;0;0;0;0;0;0;0;0;0;0;0;0;0;0;0;0;0;0
165;Albertslund;0;0;0;0;0;0;0;0;0;0;0;0;0;0;0;0;0;0;0;0;0;0;0;0;0;0;0;0;0;0;0;0;0;0;0;0;0;0;0;0;0;0;0;0;0;0;0;0;0;0;0;0;0;0;0;0;0;0;0;0;0;0;0;0;0;0;0;0;0;0;0;0;0;0;0;0;0;0;0;0;0;0;0;0;0;0;0;0;0;0;0;0;0;0;0;0;0;0;0;0;0;0;0;0;0;0;0;0;0;0;0;0;0;0;0
151;Ballerup;0;0;0;0;0;0;0;0;0;0;0;0;0;0;0;0;0;0;0;0;0;0;0;0;0;0;0;0;0;0;0;0;0;0;0;0;0;0;0;0;0;0;0;0;0;0;0;0;0;0;0;0;0;0;0;0;0;0;0;0;0;0;0;0;0;0;0;0;0;0;0;0;0;0;0;0;0;0;0;0;0;0;0;0;0;0;0;0;0;0;0;0;0;0;0;0;0;0;0;0;0;0;0;0;0;0;0;0;0;0;0;0;0;0;0
153;Brøndby;0;0;0;0;0;0;0;0;0;0;0;0;0;0;0;0;0;0;0;0;0;0;0;0;0;0;0;0;0;0;0;0;0;0;0;0;0;0;0;0;0;0;0;0;0;0;0;0;0;0;0;0;0;0;0;0;0;0;0;0;0;0;0;0;0;0;0;0;0;0;0;0;0;0;0;0;0;0;0;0;0;0;0;0;0;0;0;0;0;0;0;0;0;0;0;0;0;0;0;0;0;0;0;0;0;0;0;0;0;0;0;0;0;0;0
157;Gentofte;0;0;0;0;0;0;0;0;0;0;0;0;0;0;0;0;0;0;0;0;0;0;0;0;0;0;0;0;0;0;0;0;0;0;0;0;0;0;0;0;0;0;0;0;0;0;0;0;0;0;0;0;0;0;0;0;0;0;0;0;0;0;0;0;0;0;0;0;0;0;0;0;0;0;0;0;0;0;0;0;0;0;0;0;0;0;0;0;0;0;0;0;0;0;0;0;0;0;0;0;0;0;0;0;0;0;0;0;0;0;0;0;0;0;0
159;Gladsaxe;0;0;0;0;0;0;0;0;0;0;0;0;0;0;0;0;0;0;0;0;0;0;0;0;0;0;0;0;0;0;0;0;0;0;0;0;0;0;0;0;0;0;0;0;0;0;0;0;0;0;0;0;0;0;0;0;0;0;0;0;0;0;0;0;0;0;0;0;0;0;0;0;0;0;0;0;0;0;0;0;0;0;0;0;0;0;0;0;0;0;0;0;0;0;0;0;0;0;0;0;0;0;0;0;0;0;0;0;0;0;0;0;0;0;0
161;Glostrup;0;0;0;0;0;0;0;0;0;0;0;0;0;0;0;0;0;0;0;0;0;0;0;0;0;0;0;0;0;0;0;0;0;0;0;0;0;0;0;0;0;0;0;0;0;0;0;0;0;0;0;0;0;0;0;0;0;0;0;0;0;0;0;0;0;0;0;0;0;0;0;0;0;0;0;0;0;0;0;0;0;0;0;0;0;0;0;0;0;0;0;0;0;0;0;0;0;0;0;0;0;0;0;0;0;0;0;0;0;0;0;0;0;0;0
163;Herlev;0;0;0;0;0;0;0;0;0;0;0;0;0;0;0;0;0;0;0;0;0;0;0;0;0;0;0;0;0;0;0;0;0;0;0;0;0;0;0;0;0;0;0;0;0;0;0;0;0;0;0;0;0;0;0;0;0;0;0;0;0;0;0;0;0;0;0;0;0;0;0;0;0;0;0;0;0;0;0;0;0;0;0;0;0;0;0;0;0;0;0;0;0;0;0;0;0;0;0;0;0;0;0;0;0;0;0;0;0;0;0;0;0;0;0
167;Hvidovre;0;0;0;0;0;0;0;0;0;0;0;0;0;0;0;0;0;0;0;0;0;0;0;0;0;0;0;0;0;0;0;0;0;0;0;0;0;0;0;0;0;0;0;0;0;0;0;0;0;0;0;0;0;0;0;0;0;0;0;0;0;0;0;0;0;0;0;0;0;0;0;0;0;0;0;0;0;0;0;0;0;0;0;0;0;0;0;0;0;0;0;0;0;0;0;0;0;0;0;0;0;0;0;0;0;0;0;0;0;0;0;0;0;0;0
169;Høje-Taastrup;0;0;0;0;0;0;0;0;0;0;0;0;0;0;0;0;0;0;0;0;0;0;0;0;0;0;0;0;0;0;0;0;0;0;0;0;0;0;0;0;0;0;0;0;0;0;0;0;0;0;0;0;0;0;0;0;0;0;0;0;0;0;0;0;0;0;0;0;0;0;0;0;0;0;0;0;0;0;0;0;0;0;0;0;0;0;0;0;0;0;0;0;0;0;0;0;0;0;0;0;0;0;0;0;0;0;0;0;0;0;0;0;0;0;0
183;Ishøj;0;0;0;0;0;0;0;0;0;0;0;0;0;0;0;0;0;0;0;0;0;0;0;0;0;0;0;0;0;0;0;0;0;0;0;0;0;0;0;0;0;0;0;0;0;0;0;0;0;0;0;0;0;0;0;0;0;0;0;0;0;0;0;0;0;0;0;0;0;0;0;0;0;0;0;0;0;0;0;0;0;0;0;0;0;0;0;0;0;0;0;0;0;0;0;0;0;0;0;0;0;0;0;0;0;0;0;0;0;0;0;0;0;0;0
173;Lyngby-Taarbæk;0;0;0;0;0;0;0;0;0;0;0;0;0;0;0;0;0;0;0;0;0;0;0;0;0;0;0;0;0;0;0;0;0;0;0;0;0;0;0;0;0;0;0;0;0;0;0;0;0;0;0;0;0;0;0;0;0;0;0;0;0;0;0;0;0;0;0;0;0;0;0;0;0;0;0;0;0;0;0;0;0;0;0;0;0;0;0;0;0;0;0;0;0;0;0;0;0;0;0;0;0;0;0;0;0;0;0;0;0;0;0;0;0;0;0
175;Rødovre;0;0;0;0;0;0;0;0;0;0;0;0;0;0;0;0;0;0;0;0;0;0;0;0;0;0;0;0;0;0;0;0;0;0;0;0;0;0;0;0;0;0;0;0;0;0;0;0;0;0;0;0;0;0;0;0;0;0;0;0;0;0;0;0;0;0;0;0;0;0;0;0;0;0;0;0;0;0;0;0;0;0;0;0;0;0;0;0;0;0;0;0;0;0;0;0;0;0;0;0;0;0;0;0;0;0;0;0;0;0;0;0;0;0;0
187;Vallensbæk;0;0;0;0;0;0;0;0;0;0;0;0;0;0;0;0;0;0;0;0;0;0;0;0;0;0;0;0;0;0;0;0;0;0;0;0;0;0;0;0;0;0;0;0;0;0;0;0;0;0;0;0;0;0;0;0;0;0;0;0;0;0;0;0;0;0;0;0;0;0;0;0;0;0;0;0;0;0;0;0;0;0;0;0;0;0;0;0;0;0;0;0;0;0;0;0;0;0;0;0;0;0;0;0;0;0;0;0;0;0;0;0;0;0;0
201;Allerød;0;0;0;0;0;0;0;0;0;0;0;0;0;0;0;0;0;0;0;0;0;0;0;0;0;0;0;0;0;0;0;0;0;0;0;0;0;0;0;0;0;0;0;0;0;0;0;0;0;0;0;0;0;0;0;0;0;0;0;0;0;0;0;0;0;0;0;0;0;0;0;0;0;0;0;0;0;0;0;0;0;0;0;0;0;0;0;0;0;0;0;0;0;0;0;0;0;0;0;0;0;0;0;0;0;0;0;0;0;0;0;0;0;0;0
240;Egedal;5746;3957;5082;4531;0;3862;4566;4572;0;0;4980;0;0;5324;4317;4461;0;6066;6181;3986;9096;6101;7071;7304;7761;6067;7308;9514;0;0;10294;0;0;9632;10159;0;12565;0;0;0;0;13988;15979;0;0;16467;13149;11854;18363;18062;0;0;0;15255;0;0;0;0;0;0;0;0;0;0;0;0;0;0;0;0;0;0;0;0;0;0;0;0;0;0;0;0;0;0;0;0;0;0;0;0;0;0;0;0;15074;13129;18103;0;0;14727;0;0;17690;0;20282;18872;19760;0;0;0;15824;0;0;0;0
210;Fredensborg;0;0;0;0;0;0;0;0;0;0;0;0;0;0;0;0;0;0;0;0;0;0;0;0;0;0;0;0;0;0;0;0;0;0;0;0;0;0;0;0;0;0;0;0;0;0;0;0;0;0;0;0;0;0;0;0;0;0;0;0;0;0;0;0;0;0;0;0;0;0;0;0;0;0;0;0;0;0;0;0;0;0;0;0;0;0;0;0;0;0;0;0;0;0;0;0;0;0;0;0;0;0;0;0;0;0;0;0;0;0;0;0;0;0;0
250;Frederikssund;3916;3733;3737;3620;3667;3597;3681;3626;3907;3282;3766;3745;3700;3785;3972;3875;4157;3876;3968;4152;3966;4173;4991;4883;4309;4859;5553;5236;4719;5461;5369;5023;5879;6313;6273;5939;6586;6536;6872;6476;6838;7947;7853;7843;8353;9585;9032;9836;9844;10665;11139;11794;11464;13684;14101;14759;15325;16937;17421;15018;13907;16326;16104;16810;15459;14495;13540;14067;11486;11753;12498;14498;12108;12447;11520;11208;10939;11371;9633;11633;8323;10654;9785;9533;10284;8760;8494;10101;8258;8708;9741;8049;10379;9199;9355;8610;9025;10200;10575;10275;11565;11688;10939;10230;10020;11048;12554;10928;11400;12097;11713;12860;11741;13773;15226
190;Furesø;0;0;0;0;0;0;0;0;0;0;0;0;0;0;0;0;0;0;0;0;0;0;0;0;0;0;0;0;0;0;0;0;0;0;0;0;0;0;0;0;0;0;0;0;0;0;0;0;0;0;0;0;0;0;0;0;0;0;0;0;0;0;0;0;0;0;0;0;0;0;0;0;0;0;0;0;0;0;0;0;0;0;0;0;0;0;0;0;0;0;0;0;0;0;0;0;0;0;0;0;0;0;0;0;0;0;0;0;0;0;0;0;0;0;0
270;Gribskov;4448;5490;4503;4944;4585;4614;4768;4685;5405;5217;5263;5053;4946;5092;5291;5228;5209;5573;6078;6211;6182;6651;6859;6861;7170;7865;8427;8177;8099;8921;8969;8344;8690;9263;9588;9712;9989;10272;10634;11166;11179;11146;12251;12130;13421;14006;14826;14600;15688;17040;17566;17122;18678;20447;21883;21431;23037;24308;26274;26306;24776;26785;23766;25631;22722;24394;21021;19033;17987;18419;18359;19801;19752;21095;18200;20779;17790;20135;16446;16345;15841;16419;15980;15384;15862;16873;16609;18157;16205;16980;17413;17108;18006;18991;19121;16782;16727;19747;20461;18210;18498;19775;21083;22024;20580;23564;21342;20728;21035;22557;24189;21750;22881;25339;27122
260;Halsnæs;4262;4641;4487;4086;4776;4533;4497;4681;4892;4788;4558;4295;4164;4652;4504;5105;4547;5008;4842;5090;5175;5250;5700;5486;5761;6271;6638;6289;6745;7444;6821;6880;7140;7704;7915;8015;8315;9226;8858;8817;9400;10031;10677;10225;11386;11957;12679;11217;13263;14121;14826;14476;15344;16595;17406;17814;19587;19996;20502;20282;18817;21538;20793;23581;19385;22003;20710;16627;14459;17466;17371;18131;15560;18234;19965;16013;17107;15917;15077;13779;15101;13673;13524;15969;16010;17333;15963;14002;12436;14170;13771;13118;15552;15642;13525;13539;15448;16000;15266;14880;15088;17304;16601;19091;17520;18319;19771;18349;16602;20897;18533;17828;19486;20859;23604
217;Helsingør;6042;6056;5762;6741;6376;6526;6419;6621;5660;6240;7297;6070;6456;7374;6965;7533;7567;7634;8177;8100;9408;9080;9789;8786;8197;9609;10417;11717;11936;12115;11886;10338;11817;12686;12942;14872;11810;13968;16019;13239;15113;15092;16497;15431;17685;19331;22478;17655;21306;21080;20373;21400;28219;26723;30504;34793;28872;36263;36139;37014;38926;39453;42098;39518;30243;33940;29652;31841;21235;27586;26048;22143;39442;29360;25115;26822;25662;41703;21351;22786;20114;20709;22270;22299;22171;28511;17064;31193;27250;22318;22792;22249;25045;28217;27281;20696;27592;24879;22801;23211;25608;31119;29890;26838;27351;31465;29984;34090;29610;31655;36035;33237;30079;37624;35663
219;Hillerød;0;0;0;0;0;0;0;0;0;0;0;0;0;0;0;0;0;0;0;0;0;0;0;0;0;0;0;0;0;0;0;0;0;0;0;0;0;0;0;0;0;0;0;0;0;0;0;0;0;0;0;0;0;0;17288;0;0;0;0;0;0;0;0;0;0;0;0;0;0;0;0;0;0;0;0;0;0;0;0;0;0;0;0;0;0;0;0;0;0;0;0;0;0;15815;0;0;0;0;0;0;0;0;0;0;0;20624;0;0;0;0;0;0;0;0;0
223;Hørsholm;0;0;0;0;0;0;0;0;0;0;0;0;0;0;0;0;0;0;0;0;0;0;0;0;0;0;0;0;0;0;0;0;0;0;0;0;0;0;0;0;0;0;0;0;0;0;0;0;0;0;0;0;0;0;0;0;0;0;0;0;0;0;0;0;0;0;0;0;0;0;0;0;0;0;0;0;0;0;0;0;0;0;0;0;0;0;0;0;0;0;0;0;0;0;0;0;0;0;0;0;0;0;0;0;0;0;0;0;0;0;0;0;0;0;0
230;Rudersdal;0;0;0;0;0;0;0;0;0;0;0;0;0;0;0;0;0;0;0;0;0;0;0;0;0;0;0;0;0;0;0;0;0;0;0;0;0;0;0;0;0;0;0;0;0;0;0;0;0;0;0;0;0;0;0;0;0;0;0;0;0;0;0;0;0;0;0;0;0;0;0;0;0;0;0;0;0;0;0;0;0;0;0;0;0;0;0;0;0;0;0;0;0;0;0;0;0;0;0;0;0;0;0;0;0;0;0;0;0;0;0;0;0;0;0
400;Bornholm;0;0;0;0;0;0;0;0;0;0;0;0;0;0;0;0;4745;4696;4772;4985;5702;5066;4791;5640;5630;5342;5400;5849;6642;6418;6163;7234;7480;8003;6564;7294;7992;8667;7312;7448;8560;8847;8791;7993;10364;8516;8493;10810;11032;11096;9740;13706;14111;11206;12269;12985;15814;14010;15166;15868;15809;18467;18145;15627;23795;19029;22217;17456;12680;18581;16537;14697;16513;14946;16107;17116;18367;14270;13001;11863;15395;12425;14107;10290;9440;11267;14576;14222;8979;13592;12683;12738;10549;10849;9352;12985;15499;13955;11714;11936;13497;12039;13800;14512;17208;15523;13683;15787;14272;17596;14883;16668;16868;17268;17685
253;Greve;0;0;0;0;0;0;0;0;0;0;0;0;0;0;0;0;0;0;0;0;0;0;0;0;0;0;0;0;0;0;0;0;0;0;0;0;0;0;0;0;0;0;0;0;0;0;0;0;0;0;0;0;0;0;0;0;0;0;0;0;0;0;0;0;0;0;0;0;0;0;0;0;0;0;0;0;0;0;0;0;0;0;0;0;0;0;0;0;0;0;0;0;0;0;0;0;0;0;0;0;0;0;0;0;0;0;0;0;0;0;0;0;0;0;0
259;Køge;0;0;0;0;0;0;0;0;0;0;0;0;0;0;0;0;0;0;0;0;0;0;0;0;0;0;0;0;0;0;0;0;0;0;0;0;0;0;0;0;0;0;0;0;0;0;0;0;0;0;0;0;0;0;0;0;0;0;0;0;0;0;0;0;0;0;0;0;0;0;0;0;0;0;0;0;0;0;0;0;0;0;0;0;0;0;0;0;0;0;0;0;0;0;0;0;0;0;0;0;0;0;0;0;0;0;0;0;0;0;0;0;0;0;0
350;Lejre;3931;4005;4234;4702;3936;4077;4648;4045;4644;4216;4527;3714;4077;4421;4935;4404;4880;4703;4997;4793;5054;5340;5078;5939;5205;5624;5604;6472;5812;6252;6851;5033;7404;7231;7153;6942;6998;7796;8164;8264;8059;9549;8769;10120;7739;11048;9416;10116;9532;10843;12579;10609;13012;13761;14564;14527;15262;17476;15641;16216;17316;19102;17001;16487;17123;14316;14883;13331;0;14610;12180;14321;11745;14757;14438;11543;9501;11242;12099;13840;12288;10483;9987;11436;0;8482;10765;9105;7029;11719;9507;8880;10903;12321;11073;12492;11353;11206;10578;12786;9967;11933;12584;11924;13099;13640;13728;12607;14670;12508;12130;12872;13026;14661;15086
265;Roskilde;5199;4893;4651;0;3943;3799;3005;4600;3742;4777;4520;3521;3765;4468;3429;5374;5063;4905;5476;5750;4793;5954;5002;6079;6068;8908;7973;7201;5192;6574;10899;7846;9820;9118;10137;8416;10065;10012;16073;11534;13498;9377;11181;11717;0;11360;11751;9390;18240;13998;0;20671;0;18848;0;0;0;0;0;0;0;0;36167;32810;0;0;0;0;0;15855;0;0;20928;0;17695;11625;0;0;0;0;0;0;0;0;0;0;13124;0;0;0;0;0;0;20838;0;19290;12451;16131;24867;21902;18545;24501;0;21296;0;23767;25144;0;0;0;0;0;0;0;0
269;Solrød;0;0;0;0;0;0;0;0;0;0;0;0;0;0;0;0;0;0;0;0;0;0;0;0;0;0;0;0;0;0;0;0;0;0;0;0;0;0;0;0;0;0;0;0;0;0;0;0;0;0;0;0;0;0;0;0;0;0;0;0;0;0;0;0;0;0;0;0;0;0;0;0;0;0;0;0;0;0;0;0;0;0;0;0;0;0;0;0;0;0;0;0;0;0;0;0;0;0;0;0;0;0;0;0;0;0;0;0;0;0;0;0;0;0;0
320;Faxe;4285;4072;4024;2681;4045;3967;4063;3189;0;4009;3085;2812;0;3755;3642;3914;5203;4322;4773;3888;0;4998;4843;4911;0;5579;4338;5905;6113;6108;4878;4970;8108;7961;5736;5651;7790;6659;6653;10515;8425;8868;9093;7739;6366;8459;10203;11128;0;10822;0;10517;10432;14020;15752;13099;16219;20173;16635;0;0;16700;0;0;0;16655;0;0;0;0;0;0;0;0;0;0;0;0;11987;0;0;0;9258;0;0;8941;10828;0;0;12039;0;0;0;10084;9706;9096;0;10439;10938;9112;0;16733;11656;0;0;11868;12858;10084;12018;13535;12153;12730;12424;12768;14716
376;Guldborgsund;4300;5301;4297;3931;4430;4293;4260;4309;4365;4432;3707;4285;3994;4614;4426;4674;4875;4798;4470;4616;5266;5258;4748;4592;5736;5512;5016;5498;5478;5533;5687;5579;5884;6423;6350;6677;6851;6995;7112;8000;7707;8055;7582;7946;8359;9767;9733;9790;10426;11200;11494;12295;13780;13957;14513;14788;15640;14698;15650;16010;14835;15504;16615;15620;15875;16197;15602;13881;12947;13411;13318;12942;12968;13750;12634;12953;11816;13003;13575;12942;11003;10985;11266;10922;9977;9886;9984;11166;9892;9451;9736;9797;10836;10875;10609;9758;10212;10675;10174;11583;10012;10953;11007;11343;11600;11298;11046;11128;11204;11745;12063;11295;11634;12007;13802
316;Holbæk;3064;2672;2980;3350;2431;3181;3392;2910;2410;3446;2909;2683;3126;2963;3195;3445;4118;3663;3319;3577;3693;3815;3847;3735;3685;4019;3749;5220;4153;6270;4556;4156;4800;5686;4617;4928;5597;6708;5927;5335;6704;7093;6476;9102;7931;6861;7742;9361;9317;9126;10390;10555;11087;12215;12231;14303;12749;15332;15307;17753;16014;14332;17673;14735;12014;16393;14462;12704;14030;12266;11830;19957;11659;13802;11307;10057;12884;8616;9949;11166;12723;10831;8661;7550;7398;7964;9938;8186;9610;10119;10050;8826;7345;8851;9922;10787;8862;9579;8680;7230;9154;9851;8238;7856;9180;9156;9477;8622;11517;10956;11369;10301;10651;11475;12959
326;Kalundborg;3046;3219;3039;3232;2995;3639;3380;3343;3535;3587;3399;3207;2938;3512;3558;3483;3835;3847;3330;3446;4100;3954;4042;4169;4344;4423;4281;4486;4967;5048;4847;4735;5214;4952;5582;5654;6419;5863;6230;6103;6265;6319;7756;7527;8079;7781;8585;8649;9073;9849;11683;11469;11292;12528;11894;13453;15269;15472;16164;15317;14517;15003;14108;15288;15716;16453;14968;12143;15945;12874;14359;11912;11846;14360;12795;13450;10825;11326;11363;12508;8880;10519;9321;11060;10983;10563;8817;10436;13291;10449;9432;10621;11116;10129;10435;10172;7377;10723;10047;8619;11038;11328;10109;9455;9841;11695;11683;9915;11410;10510;11029;12173;12039;12027;13025
360;Lolland;1993;1844;1880;2128;2007;2048;1704;1938;1693;2067;2114;1779;2068;2012;1930;1489;2343;2160;2170;2070;2153;2211;2034;1955;2165;2202;2357;2360;2410;2497;2587;2515;2780;2863;2710;2776;3969;3309;4130;3740;4494;4459;4627;5045;6012;5818;5070;6130;7928;7461;9616;9309;10736;13889;12117;16391;14151;13500;14137;12164;15509;14705;13891;15640;13288;13558;12143;13040;0;11224;12552;13470;11574;12255;9240;11251;11389;10303;11073;10607;8753;10310;8024;8355;9427;11590;8479;8343;10732;10501;7919;8811;9565;9374;8309;6559;7332;7743;7941;7716;7763;8877;7575;7228;9295;8753;8167;8614;10427;9683;8711;10082;10526;9094;9598
370;Næstved;4579;4990;3766;0;4262;4851;5238;4474;3901;5495;3995;4195;3637;4744;5046;5179;5162;5107;4795;4868;5239;5718;6754;7195;6247;6971;7137;6359;7775;7668;6935;7655;7757;8576;9407;10019;8985;10110;10098;10642;10210;11301;11456;10448;10901;10796;12654;11839;11352;13698;13776;15213;14482;15424;17900;20316;16873;19743;22869;21858;0;19928;17449;19963;0;29250;20077;0;17973;16951;15819;17826;16708;16059;17573;15259;0;13736;18214;15175;12034;14143;15558;10198;15296;17947;13720;0;12092;13779;13886;15971;12730;14038;16411;13764;15224;14791;15527;13593;13830;14888;16203;18903;18180;18499;15295;16796;18340;18504;16735;18007;20258;19304;20852
306;Odsherred;3767;3574;3365;3660;3757;3689;3678;3412;3477;3603;3617;3971;3713;4057;3768;4198;4001;4317;3960;4038;4070;4343;4329;4409;4389;4695;4872;5627;4900;5438;5508;5589;5370;6198;6485;6087;6106;7280;6953;6660;7118;8309;8372;8442;8741;9475;9859;9769;10776;11829;12820;12509;14805;14838;17102;17090;15996;17899;18333;17840;18940;18407;18788;17507;17701;16760;18129;15394;13485;15479;15074;14859;14877;14885;14872;14991;15353;12740;14123;13314;12922;13547;12884;13447;11058;11992;13569;12913;12007;13299;12517;12002;12538;13531;13643;12939;12845;13598;14404;14563;12993;14545;13690;14015;14643;14843;14854;14253;15218;15962;15985;14148;15662;17303;18661
329;Ringsted;0;0;0;0;0;0;0;0;0;0;0;0;0;0;0;0;0;0;0;0;0;0;0;0;0;0;0;0;0;0;0;0;0;0;0;0;0;0;0;0;0;0;0;0;0;0;0;0;0;0;0;0;0;0;0;0;0;0;0;0;0;0;0;0;0;0;0;0;0;0;0;0;0;0;0;0;0;0;0;0;0;0;0;0;0;0;0;0;0;0;0;0;0;0;0;0;0;0;0;0;0;0;0;0;0;0;0;0;0;0;0;0;0;0;0
330;Slagelse;3360;3643;3991;3605;3326;3261;3844;3285;3408;3606;3794;3359;3492;4159;4406;3477;4216;4403;4237;4511;4436;4428;4901;4659;5395;4829;6105;4860;5771;5647;5796;6196;6068;6281;7129;7424;7436;7502;8598;7103;8379;8352;8640;7670;8478;9959;10666;9501;10465;11127;12630;13333;13822;14681;13855;16855;16859;17169;17450;14217;16679;17753;19039;19326;20152;18811;19387;16848;15059;14938;14128;13429;14054;14982;14056;12528;16907;12833;13098;15150;11205;14875;10878;11857;0;10750;12510;0;14275;10047;11475;9625;11991;11552;11892;12522;10589;12623;11882;15620;12983;14234;13130;12883;12865;15256;13908;12521;11944;15855;14302;18122;14878;14697;16292
340;Sorø;0;0;0;0;0;0;0;0;0;0;0;0;0;0;0;0;0;0;0;0;0;0;0;0;0;0;0;0;0;0;0;0;0;0;0;0;0;0;0;0;0;0;0;0;0;0;0;0;0;0;0;0;0;0;0;0;0;0;0;0;0;0;0;0;0;0;0;0;0;0;0;0;0;0;0;0;0;0;0;0;0;0;0;0;0;0;0;0;0;0;0;0;0;0;0;0;0;0;0;0;0;0;0;0;0;0;0;0;0;0;0;0;0;0;0
336;Stevns;4691;4085;4741;3809;3359;3716;5075;4932;4471;5524;4956;4212;5833;4864;4892;4807;5276;5230;5063;5172;6432;6186;7214;7170;7239;7828;6255;6997;7028;8107;7773;7574;9407;8342;9346;8702;9814;10106;11242;10680;9498;11895;11228;11248;11046;13504;13028;11937;13740;14756;14087;16534;14130;17289;17533;19943;20496;19553;0;21339;20450;25915;19697;0;18870;24997;31368;0;17056;14687;15661;14074;15836;16626;15508;13437;14738;14521;15197;10012;9693;16003;16425;0;11616;15376;13472;16946;11502;14142;16546;13864;14178;15296;13734;17195;13725;15390;14558;13961;17050;15199;17014;19112;18762;18641;17799;19722;20188;18709;17725;21196;18186;20327;24206
390;Vordingborg;3763;3887;3313;3061;3174;4244;3768;3857;3721;3293;3664;3886;3784;3771;3411;3612;3636;3806;3608;3926;3882;4523;4099;3936;5201;5214;4621;4829;5133;5303;5087;6117;5264;6040;5623;6036;5918;7175;7183;6656;6731;6424;7323;6967;6745;8002;8270;7856;9643;10094;10526;10628;10595;11955;13103;14143;14292;15911;15592;13846;13278;15015;16270;14492;13705;16012;16018;12209;11359;13072;13812;12372;11954;13995;13433;13431;12783;11581;12357;9317;8740;9822;9710;12160;11138;9376;7595;9480;10118;9637;9553;10481;8560;9283;10776;8980;9348;10692;10990;10898;10190;11204;11928;11417;12392;10643;12042;11185;11238;12944;11917;12314;11378;12449;14432
420;Assens;3725;3215;3713;0;0;4083;3663;4854;0;3766;5010;3420;0;0;4837;6086;0;6478;0;5015;6466;8250;6607;7073;0;8171;0;4747;8042;9499;7735;5462;8282;10926;8795;10853;8661;8363;9342;0;11416;9189;8914;10654;8946;7862;9356;8871;0;11689;0;13764;0;15259;9911;15665;0;19557;18262;0;0;0;20108;0;0;0;0;0;0;0;0;0;0;0;14601;0;0;0;18828;0;0;0;0;0;25641;0;0;0;0;0;17096;0;0;16684;0;0;0;0;15028;0;0;14662;16855;17989;0;13933;0;13953;18581;0;16228;17841;17288;19250;21356
430;Faaborg-Midtfyn;4642;5628;5056;4667;6502;4218;5485;5132;5143;5420;4610;5527;5766;6141;5610;0;0;6982;6202;7294;5740;7329;7632;6594;8952;8750;8460;0;0;9176;9835;8415;10424;10039;10426;10818;10729;10546;11941;12749;13474;10219;13742;12288;0;10887;11349;12390;12768;11965;0;0;0;0;18051;0;0;0;14998;0;0;25397;36112;0;17451;19873;29050;25015;0;0;0;0;0;21721;0;0;0;23380;0;0;0;0;14056;20031;0;0;24229;0;0;18094;13333;14457;0;27013;19600;0;12671;17243;18949;0;0;15377;20396;16809;17463;16278;13130;0;0;23551;21194;27740;24383;20833;20500
440;Kerteminde;4473;4567;5731;0;0;4321;5203;0;4376;4459;4828;0;4070;4926;0;4510;6369;6580;8056;5749;4832;7008;6688;5134;0;8808;0;0;6586;9216;8934;6259;9051;12360;9784;0;0;9713;9562;8948;11440;11669;10580;10181;0;10681;13084;12227;0;14374;0;11327;0;0;0;0;0;24349;0;0;0;0;0;0;0;22823;0;0;0;0;0;0;0;0;0;0;0;0;27335;0;0;0;0;0;0;0;34347;0;0;12695;0;0;0;17484;0;13808;0;0;23059;21264;17144;0;23540;0;0;29179;19948;0;0;16990;21318;26018;0;0;0
482;Langeland;4544;4440;5316;4605;5163;5676;5220;4638;5197;5745;4472;6442;6105;5828;6157;6814;5882;6554;6279;7429;6064;7995;8067;6898;8253;8423;8244;9757;8023;8858;7909;9213;8552;9183;9222;8782;8804;8988;8889;9177;8398;10743;9592;9279;8851;9866;10265;9169;10498;12430;10578;12456;12990;14587;13717;15106;14411;17951;15552;17058;22194;19172;16405;19369;16834;19306;18111;15753;0;14823;12595;15752;20105;15321;17316;15622;17546;0;19782;15221;13936;16724;14606;14987;13036;16161;16933;10546;13717;12341;14691;13801;10789;12262;14771;10905;10277;13334;13081;12298;12498;12403;14414;15232;11891;14430;13197;12531;12632;12443;14376;11934;11564;14571;14500
410;Middelfart;4846;6010;4044;4979;4812;4857;5738;5979;4898;5959;5678;6478;6297;6597;5879;5688;4296;8085;6534;7979;7434;8195;7559;8345;7724;9709;9204;8330;9259;10083;9455;9664;9556;11877;11403;11461;0;10353;10981;0;13605;11398;12862;10478;13890;11057;14076;12661;0;11426;0;13846;0;17122;15593;15823;15747;19079;15236;22062;0;16770;19951;0;0;20815;21701;0;0;16227;0;16776;0;15558;0;23263;16121;22440;25524;0;15948;16858;28988;0;16713;0;0;20323;0;19084;16237;32791;0;19611;17226;0;17757;17035;11095;17100;13875;15938;19483;17697;0;19252;16885;15861;17086;16182;18601;27775;21303;21942;20442
480;Nordfyns;6235;4744;4821;5236;5853;6220;5987;6560;5678;6927;6378;5022;5914;5494;6458;5584;6423;6361;6057;8441;7506;7832;8151;7388;9638;8252;8865;9080;11347;9484;10098;8784;10761;11375;10667;9249;12562;12101;8269;10604;9962;11292;11673;10114;11352;12983;11206;11555;10134;11411;15134;14521;13771;15770;14458;15316;16568;17531;20615;22599;20118;18990;20814;17309;17669;19304;19170;0;14873;18517;17367;16236;20317;19969;15816;18613;19581;21849;17966;15850;18254;15869;16138;13299;14659;13644;15035;13887;14103;14075;20179;12743;16171;14972;13184;15841;14124;13636;14961;13228;15010;15187;15022;17935;13518;14311;15017;18094;14121;17781;17392;15970;16449;17998;18669
450;Nyborg;3167;4962;5295;5250;2874;5020;5385;6659;0;5178;4554;3950;6111;8233;6409;6498;0;4965;6521;7076;7919;8368;7391;8680;8788;8159;9673;8170;8543;0;11663;7853;0;14207;9298;13841;0;10260;11932;0;0;10728;11249;14156;12270;11226;13140;12521;0;11594;0;0;0;20142;17946;0;0;25472;0;0;0;0;0;0;0;0;0;0;31835;0;14452;0;0;20240;30970;0;0;0;0;0;0;29227;0;0;0;16993;0;11837;0;16119;0;0;0;22272;0;0;22169;0;18215;0;0;19089;17516;18745;0;22086;29434;16610;0;22021;29914;0;0;0;0
461;Odense;0;0;0;0;0;0;0;0;0;0;0;0;0;0;0;0;0;0;0;0;0;0;0;0;0;0;0;0;0;0;0;0;0;0;0;0;0;0;0;0;0;0;0;0;0;0;0;0;0;0;0;0;0;0;0;0;0;0;0;0;0;0;0;0;0;0;0;0;0;0;0;0;0;0;0;0;0;0;0;0;0;0;0;0;0;0;0;0;0;0;0;0;0;0;0;0;0;0;0;0;0;0;0;0;0;0;0;0;0;0;0;0;0;0;0
479;Svendborg;0;4452;4293;3605;0;5733;5396;0;0;5731;5017;0;6344;5475;4463;5837;5982;5954;6692;7849;0;5150;7426;6771;4624;7430;8945;6046;7652;10815;8565;0;9717;0;7952;9673;11235;9811;7508;9540;0;10384;10183;11440;0;11653;8888;12968;0;14049;0;0;12603;13517;0;0;0;0;21994;0;0;0;18783;0;0;0;20531;0;0;21452;26737;24096;0;25239;20844;0;0;0;19163;0;0;0;0;0;0;14176;0;0;0;0;0;0;0;0;0;0;0;0;29904;0;0;0;22338;0;0;15290;25541;20125;9991;0;23172;0;0;0;0
492;Ærø;0;0;0;0;0;0;0;0;0;0;0;0;0;0;0;0;0;0;0;0;0;0;0;0;0;0;0;0;0;0;0;0;0;0;0;0;0;0;0;0;0;0;0;0;0;0;0;0;0;0;0;0;0;0;0;0;0;0;0;0;0;0;0;0;0;0;0;0;0;0;0;0;0;0;0;0;0;0;0;0;0;0;0;0;0;0;0;0;0;0;0;0;0;0;0;0;0;0;0;0;0;0;0;0;0;0;0;0;0;0;0;0;0;0;0
530;Billund;0;0;0;0;0;0;0;0;0;0;0;0;0;0;0;0;0;0;0;0;0;0;0;0;0;0;0;0;0;0;0;0;0;0;0;0;0;0;0;0;0;0;0;0;0;0;0;0;0;0;0;0;0;0;0;0;0;0;0;0;0;0;0;0;0;0;0;0;0;0;0;0;0;0;0;0;0;0;0;0;0;20465;0;0;20910;20616;21928;0;0;0;0;0;19940;0;20384;0;18710;18532;0;20015;18754;19003;0;0;0;19934;0;19311;18383;21097;20018;18572;19556;18516;19129
561;Esbjerg;0;0;0;0;0;0;0;0;0;0;0;0;0;0;0;0;0;0;0;0;0;0;0;0;0;0;0;0;0;0;0;0;0;0;0;0;0;0;0;0;0;0;0;0;0;0;0;0;0;0;0;0;0;0;0;0;0;0;0;0;0;0;0;0;0;0;0;0;0;0;0;0;0;0;0;0;0;0;0;0;0;0;0;0;0;0;0;0;0;0;0;0;0;0;0;0;0;0;0;0;0;0;0;23825;0;0;0;0;0;0;0;0;0;0;0
563;Fanø;5733;5858;5798;5004;5164;5534;5564;6196;7652;6249;6077;6289;7635;6448;6351;6682;6873;6869;6207;6853;7635;7907;7743;8173;6878;8847;8079;8708;9110;9885;8360;9314;10401;9339;10226;9292;9719;10335;10157;11064;10619;11210;11575;10265;10831;11551;11910;12621;13594;14001;13520;15689;16788;16811;18227;17851;18039;20121;21708;21413;20862;19165;21666;20085;22667;22313;17943;20692;18453;21785;20138;20135;20165;22533;21077;19933;19794;23197;20484;23983;17030;22206;20859;18186;20419;20467;16821;18029;20268;18833;18142;0;17839;19140;19029;19910;20171;18727;19214;15875;18095;18102;20963;18721;18295;17254;17945;19101;19194;20073;19795;20138;18587;21306;21769
607;Fredericia;0;0;0;0;0;0;0;0;0;0;0;0;0;0;0;0;0;0;0;0;0;0;0;0;0;0;0;0;0;0;0;0;0;0;0;0;0;0;0;0;0;0;0;0;0;0;0;0;0;0;0;0;0;0;0;0;0;0;0;0;0;0;0;0;0;0;0;0;0;0;0;0;0;0;0;0;0;0;0;0;0;0;0;0;0;0;0;0;0;0;0;0;0;0;0;0;0;0;0;0;0;0;0;0;0;0;0;0;0;0;0;0;0;0;0
510;Haderslev;0;0;0;0;0;0;0;0;0;0;0;0;0;0;0;0;0;0;0;0;0;0;0;0;0;0;0;0;0;0;0;0;0;0;0;0;0;0;0;0;0;0;0;0;0;0;0;0;0;0;0;0;0;0;14265;0;0;20388;17465;16297;0;17972;18702;13942;25151;18563;0;0;0;21054;18899;16760;0;17279;16659;16445;0;16028;17053;0;0;15122;15430;18802;21668;15579;16007;14174;0;15931;15346;15151;12973;19017;18238;13898;17206;15048;16592;0;13184;14743;16559;11460;15610;15165;13437;15701;13731;13412;18737;15585;13949;16380;17938
621;Kolding;4722;4886;3926;3290;4197;4833;4364;4614;4337;4500;5208;4558;5165;5927;5855;5379;7098;8298;7508;7858;8282;8792;10198;8677;8915;10139;9163;9123;11045;9707;9861;12019;10961;12647;12191;10361;10795;11429;10186;11524;10983;11983;12719;12484;11407;13176;14427;12998;13053;14511;16576;18197;13830;16050;19950;16337;19816;15313;23653;23238;21385;20867;19664;23696;23782;20439;19843;21333;35986;17407;22846;16457;0;23390;19469;18640;0;17070;19945;0;0;20295;16969;17109;15117;19608;16956;25900;20310;17340;12364;18014;17854;16768;19118;15443;17720;18103;20231;15181;14669;17650;18111;22903;18806;22005;20339;18987;16668;18354;19122;18834;19041;16781;19399
540;Sønderborg;4696;4300;3745;5043;5637;5012;4701;4656;4414;4690;6192;5433;5699;4629;5890;6241;6654;6525;7279;7514;8565;8452;7759;7123;7976;6902;8213;8376;9458;9361;9397;8929;9655;10434;9179;9374;9339;9374;9932;9704;10175;9439;9887;10504;9410;10160;10271;11114;10485;11998;12598;11669;12453;12031;16444;14995;13938;14165;16802;13713;18842;14119;17102;18980;0;15356;15290;13903;0;14191;15096;14474;0;14424;20931;20449;14284;12550;14778;12607;11940;14157;13469;13423;14734;12872;13783;11970;0;12850;10424;0;12955;11271;10353;12307;12225;11220;10982;12910;9833;12804;13093;12533;10824;12809;12994;11687;12916;12844;11858;11744;13670;13071;12942
550;Tønder;6727;6070;5749;7246;7594;5030;5752;5774;6971;6857;7181;7570;7503;8697;6766;7681;9362;8882;7760;6433;9700;9266;8091;9664;8928;9077;10380;9959;10559;10851;8950;9670;9883;11326;11459;9101;11269;11630;11233;10334;11687;11090;14098;11806;10016;10860;12444;12526;11918;15807;15764;11532;14726;19096;23194;18399;13831;17035;0;15839;18422;15085;16333;16454;12651;18995;13532;16806;0;13072;15253;15483;15664;16475;15356;15444;13277;13384;14938;13266;15082;12578;14316;15023;12221;14731;12343;11665;14561;14830;11572;14220;12451;17155;13859;12626;13571;15792;13064;11438;13820;14290;10607;13320;12832;12765;14003;14343;12142;14608;13800;14788;13413;14684;16089
573;Varde;5628;5346;6235;5967;6151;5712;6327;6755;5737;6168;6198;6378;6463;6746;6945;7089;7228;7717;7522;7531;8282;8196;7816;8187;8307;7586;8294;8115;9587;9469;9050;8615;8741;9083;9225;9617;9916;9860;9217;9564;10238;9784;10134;10314;10468;11094;11194;11649;12205;11874;14187;14773;14321;15170;15811;16078;16906;18014;16148;17281;17521;19312;18694;18336;19050;19835;21842;19856;17154;17131;16686;17264;18127;16857;17837;17427;17275;17929;19845;17513;18243;16333;18713;17157;15900;18030;17040;15541;17333;17127;18156;15513;17812;15924;15931;17940;16156;18300;15400;16390;17234;16564;16805;16307;16302;17854;17081;15777;18149;17503;17776;18779;17972;16826;17990
575;Vejen;0;0;0;0;0;0;0;0;0;0;0;0;0;0;0;0;0;0;0;0;0;0;0;0;0;0;0;0;0;0;0;0;0;0;0;0;0;0;0;0;0;0;0;0;0;0;0;0;0;0;0;0;0;0;0;0;0;0;0;0;0;0;0;0;0;0;0;0;0;0;0;0;0;0;0;0;0;0;0;0;0;0;0;0;0;0;0;0;0;0;0;0;0;0;0;0;0;0;0;0;0;0;0;0;0;0;0;0;0;0;0;0;0;0;0
630;Vejle;5912;5003;5022;5343;0;5071;6419;5275;4177;6117;5467;4336;5942;6485;6668;6720;6786;6539;6262;7256;6537;7490;6747;7587;8183;7987;7163;7903;8825;8502;9184;8925;9356;12234;9916;10321;7650;12310;12237;0;11777;10919;12176;10457;14483;11515;14675;9878;14057;14195;15889;15935;20694;16165;17912;19170;23635;23046;20842;21676;0;26695;22057;21366;15981;25709;0;0;0;18697;14596;31458;23114;21447;21790;19639;0;24556;17552;24918;17858;15675;0;14942;19512;21360;20720;14772;18171;17249;0;18870;17581;27066;12406;17281;14667;21966;23036;16402;0;20544;18649;16647;21099;17094;18538;17268;17175;17041;22154;17074;13454;20113;18389
580;Aabenraa;0;0;0;0;0;0;0;0;0;0;0;0;0;0;0;0;0;0;0;0;0;0;0;0;0;0;0;0;0;0;0;0;0;0;0;0;0;0;0;0;0;0;0;0;0;0;0;0;0;0;0;0;0;0;0;0;14302;0;8239;0;0;0;0;0;0;17710;0;0;0;0;0;0;0;21595;0;0;0;0;0;0;0;13870;0;0;0;0;0;0;0;18880;14692;0;0;0;0;0;0;0;0;0;0;0;13241;0;0;0;0;0;0;12674;15145;15831;15910;14470;13915
710;Favrskov;0;0;0;0;0;0;0;0;0;0;0;0;0;0;0;0;0;0;0;0;0;0;0;0;0;0;0;0;0;0;0;0;0;0;0;0;0;0;0;0;0;0;0;0;0;0;0;0;0;0;0;0;0;0;0;0;0;0;0;0;0;0;0;0;0;0;0;0;0;0;0;0;0;0;0;0;0;0;0;0;0;0;0;0;0;0;0;0;0;0;0;0;0;0;0;0;0;0;0;0;0;0;0;0;0;0;0;0;0;0;0;0;0;0;0
766;Hedensted;4695;5160;4530;5277;7136;4751;5652;5546;4141;4934;4839;6192;4617;6079;5853;3405;6539;5853;6003;6634;7507;7001;7050;8275;8058;7187;7933;9861;8175;10208;11181;8533;10071;9900;10590;12014;9903;9895;11427;9412;12135;13245;10460;12894;10139;10986;12419;11943;11821;13823;13496;12874;13736;14623;13419;13549;13977;17225;16949;18427;17751;25938;19253;18624;18071;21868;19078;25165;0;23257;20125;15889;14896;22910;19677;17881;14524;23951;18078;0;15259;16897;19682;15317;17977;14501;16983;21873;15754;15408;23391;22017;27793;22563;13824;18530;19742;18055;15471;17237;15893;16090;16990;17302;15690;17954;17176;16382;22817;15942;14393;17614;14954;18548;16839
615;Horsens;0;0;0;0;0;0;0;0;0;0;0;0;0;0;0;0;0;0;0;0;0;0;0;0;0;0;0;0;0;0;0;0;0;0;0;0;0;0;0;0;0;0;0;0;0;0;0;0;0;0;0;0;0;0;0;0;0;0;0;0;0;0;0;0;0;0;0;0;0;0;0;0;0;0;0;0;0;0;0;0;0;0;0;0;0;0;0;0;0;0;0;0;0;0;0;0;0;0;0;0;0;0;0;0;0;0;0;0;0;0;0;0;0;0;0
707;Norddjurs;4021;4236;3285;3921;4135;3643;4334;4274;3864;4359;4079;3877;4065;3632;3979;3506;4347;4503;4445;5066;4504;4963;4979;4415;5718;5337;4982;4544;5999;6486;5669;6170;6689;5612;6926;6308;5083;6625;5926;6514;6005;6022;7600;7232;5809;6431;6953;8411;7651;8507;8817;10104;9907;10544;11073;12714;13322;13037;15529;13901;15433;14659;14863;14127;17133;15449;16745;17072;12800;15403;13081;13952;14038;14495;16363;16706;15551;14672;13959;16926;13666;12476;12988;12675;13862;14636;12479;12353;14492;13506;12192;11708;11036;11416;10835;11855;10969;10601;12315;10836;11429;11033;11874;12734;12544;11736;12492;12068;10669;12499;12956;13181;13669;12799;12667
727;Odder;4425;6622;5218;6233;4969;5561;5595;6123;6940;6790;5277;6005;5861;5556;4979;5829;5585;6678;7372;7053;8007;8047;9489;8166;7839;7086;8061;9157;9309;9819;9470;7828;9939;10176;10167;10418;13148;13031;9635;10843;9349;12120;13053;13605;12441;13261;11647;13365;16280;15587;11821;18827;22213;18832;23032;25384;24124;21435;24049;21437;29763;24176;21482;27998;37556;23885;22760;0;0;20984;20095;32742;21440;22528;21423;23039;0;18090;18815;20403;0;0;24443;19810;24600;23518;19545;20894;20534;18679;18880;17475;19180;16158;19036;25285;19290;17752;18875;16589;17006;21488;20073;18910;14655;19337;25798;20990;21250;20502;24556;22108;25159;25645;24164
730;Randers;0;0;0;0;0;0;0;0;0;0;0;0;0;0;0;0;0;0;0;0;0;0;0;0;0;0;0;0;0;0;0;0;0;0;0;0;0;0;0;0;0;0;0;0;0;0;0;0;0;0;0;0;0;0;0;0;0;0;0;0;0;0;0;0;0;0;0;0;0;0;0;0;0;0;0;0;0;0;0;0;0;0;0;0;0;0;0;0;0;0;0;0;0;0;0;0;0;0;0;0;0;0;0;0;0;0;0;0;0;0;0;0;0;0;0
741;Samsø;3422;4493;0;3632;0;4202;0;3732;0;0;6892;0;3557;4959;4174;0;0;0;5943;3875;4768;5504;5767;4989;3723;5796;0;7338;7602;5649;6359;7277;0;6230;6942;7896;0;7425;7552;8462;9487;7645;8336;9358;12526;0;7548;9997;0;10122;0;0;0;0;0;0;0;0;16280;25352;0;0;23564;0;0;16453;19828;0;0;0;0;0;0;0;0;0;0;12037;0;0;0;16795;0;0;0;0;0;0;0;0;0;0;0;9222;10471;16179;0;11934;14633;0;0;0;12570;0;0;12870;19817;0;0;18158;14652;16222;0;0;0
740;Silkeborg;2494;4592;3513;4963;3187;4075;4181;3458;4247;4408;4342;3458;4075;3579;4535;4895;4345;4226;6013;4999;5557;4455;4980;4738;5432;4444;5346;6761;5846;5385;5212;7261;5661;5716;6483;9202;5491;7111;6239;7607;6737;6996;7330;7473;8429;9160;8206;7592;11458;9312;8325;9120;0;11216;11037;13132;18468;12198;11302;11576;14718;22306;18767;0;24943;17486;15518;16944;0;13977;11504;0;27215;14783;16457;18415;27100;11435;16256;0;16644;15191;13367;16181;11636;15560;9551;16640;14064;18446;18942;0;20728;10218;17595;23100;13736;9844;10094;14486;12353;13518;11334;7560;17963;11888;19509;19008;10902;16761;13260;9963;23224;9963;16947
746;Skanderborg;0;0;0;0;0;0;0;0;0;0;0;0;0;0;0;0;0;0;0;0;0;0;0;0;0;0;0;0;0;0;0;0;0;0;0;0;0;0;0;0;0;0;0;0;0;0;0;0;0;0;0;0;0;0;0;0;0;0;0;0;0;0;0;0;0;0;0;0;0;0;0;0;0;0;0;0;0;0;0;0;0;0;0;0;0;0;0;0;0;0;0;0;0;0;0;0;0;0;0;0;0;0;0;0;0;0;0;0;0;0;0;0;0;0;0
706;Syddjurs;4241;4562;3818;4309;4549;4800;4296;4405;4370;4593;4810;4821;4648;4703;5045;4924;4871;5226;4879;4836;5429;5393;6014;5828;6660;5864;6612;6496;6760;6916;8384;7263;7801;7491;7482;7547;8166;7874;8790;8375;8061;8902;8831;8644;8566;9543;9694;9931;10494;11142;13292;12545;12787;14337;15031;15760;13724;16620;16798;16052;17436;17489;17443;19456;16334;18307;17480;16117;15422;15475;16669;15758;14884;16501;17455;15770;15611;14345;15321;13130;15068;14351;14257;13966;14076;15533;16180;13145;13849;14235;13936;13744;13660;14226;15568;13073;10812;16021;13338;13217;11498;16070;14467;14184;15233;15501;15544;15537;16080;15931;14991;15991;16583;16695;17814
751;Århus;4114;4450;5254;3889;3834;5483;4568;4960;5289;5173;4475;5168;4319;5476;4573;7374;4478;5883;5108;4859;5824;6843;7688;7069;7057;9964;9524;8260;8800;9471;8859;9578;9656;8494;9300;7645;8989;9057;10517;12064;9236;10861;11416;10495;11151;12746;12356;11611;12354;15418;19538;20446;13625;20709;19639;25453;26897;21959;23474;0;0;35960;25664;36756;24446;0;37608;0;0;16536;25963;21229;37946;19375;23340;23833;23870;19552;24249;18123;23139;27110;24748;20615;33142;21760;20972;20597;21138;21844;23162;24374;21000;20619;21989;20374;25726;24558;24037;25208;20209;22182;25735;27690;27026;30463;29219;43407;26872;33431;32595;29541;33470;27532;32466
657;Herning;0;0;0;0;0;0;0;0;0;0;0;0;0;0;0;0;0;0;0;0;0;0;0;0;0;0;0;0;0;0;0;0;0;0;0;0;0;0;0;0;0;0;0;0;0;0;0;0;0;0;0;0;0;0;0;0;0;0;0;0;0;0;0;0;0;18395;0;0;0;0;0;0;0;0;0;0;0;0;0;0;0;0;0;0;0;0;0;0;0;0;0;0;0;0;25015;0;0;0;0;0;0;20200;0;0;0;0;0;0;0;0;0;0;0;0;0
661;Holstebro;4554;4266;4448;3903;6248;4059;4182;4283;3591;4323;3335;4962;3686;4804;4571;5565;5425;5476;5365;5513;5941;6072;5164;5979;5833;6237;5764;6240;5717;6669;6385;6138;7263;7000;7815;7410;7103;6890;7526;6975;7348;6957;7720;8267;7003;8155;8182;8320;8539;9689;10388;11596;11776;9774;10970;12762;11184;10988;12307;12664;11786;14669;14740;13037;13037;12211;13193;13998;14024;12171;14707;12738;12179;13387;12112;16008;13636;13053;12683;12117;13648;14338;10890;11675;14094;12854;11337;15157;11758;8916;9850;13618;11178;10875;11802;8241;11229;11037;10852;9572;10742;10276;11419;10708;11330;12051;10874;12689;11451;11433;9883;11024;12104;10252;10153
756;Ikast-Brande;0;0;0;0;0;0;0;0;0;0;0;0;0;0;0;0;0;0;0;0;0;0;0;0;0;0;0;0;0;0;0;0;0;0;0;0;0;0;0;0;0;0;0;0;0;0;0;0;0;0;0;0;0;0;0;0;0;0;0;0;0;0;0;0;0;0;0;0;0;0;0;0;0;0;0;0;0;0;0;0;0;0;0;0;0;0;0;0;0;0;0;0;0;0;0;0;0;0;0;0;0;0;0;0;0;0;0;0;0;10480;0;9795;0;0;0
665;Lemvig;4951;4709;3868;4473;4104;4031;4573;4464;4817;5063;4453;4670;5387;6425;4792;4991;5369;5314;5095;4965;7303;5147;5771;5345;5832;5679;5457;5607;6552;7113;7033;6875;6415;7414;7692;6826;7826;7106;7154;6783;7305;7237;7442;6601;7317;7662;9179;8980;8595;9862;9497;10287;10604;11472;12897;12202;9369;12844;12871;12631;12609;13689;13680;15034;14159;15413;14094;0;14863;14943;11869;13062;13957;13940;14627;12033;11258;10938;11491;0;10803;12105;11221;10308;12121;10533;11806;10327;11131;11270;12905;9777;12269;14052;10003;9354;10896;11176;11444;11958;11871;9434;11285;11608;10560;12706;10624;11537;11720;10691;12469;10106;11976;12319;11743
760;Ringkøbing-Skjern;4632;4786;5085;4954;5499;5187;4530;5307;5925;5895;6013;5988;6025;6168;5417;6146;7150;6730;6421;6432;7057;7038;6930;7004;7927;7603;7928;7716;7991;8171;8964;7852;8609;8475;8188;8504;9325;9089;8612;8203;9089;9103;9042;9122;9752;9984;10260;10199;11067;11579;11558;12524;13658;13593;14400;14621;14853;16063;14741;15507;16251;16048;14952;14152;16442;15959;16904;16163;14249;14305;13739;16175;14459;14350;15077;14980;15517;15999;15199;14196;14361;14271;15056;12823;15676;14418;12707;13726;13405;13113;12456;13947;12674;14941;14187;14054;12681;13718;12923;13011;13959;14917;13811;14171;14209;14522;14279;14657;13532;14646;14376;15356;14389;15018;15463
779;Skive;3502;3728;4095;3559;3580;3619;4233;3631;3554;3799;4341;3960;3659;3853;3629;4334;3628;4470;4155;4835;4976;4559;4374;4336;5188;4835;4818;5019;5544;5551;5497;5347;5436;6207;6025;6177;5595;5939;6722;5906;5513;6289;6719;6541;5817;7196;6754;7509;7538;7590;7665;8504;7894;8321;7503;10501;9434;10492;9882;11374;11093;12053;11203;12774;11646;14672;15746;12753;9437;10596;13613;10481;12371;12435;11702;15934;14008;11549;10069;13104;10539;11103;10469;10436;13271;12427;9291;10224;10163;12546;10232;9802;10950;10517;11201;10197;10176;10560;10038;10024;7117;9180;9242;8516;11488;10539;9803;10413;11439;11380;9981;10478;10310;9786;10268
671;Struer;3542;3523;3323;2942;0;2567;3175;2977;3696;3534;4476;2794;2690;3885;3388;3843;0;3984;3734;3649;3935;4417;4054;4031;4385;3715;4046;5052;4449;5114;4328;4376;3646;4952;6266;6696;4791;5408;5643;4851;4881;5384;5888;6280;6196;6557;5894;6256;6516;6945;5438;6371;7303;8758;8738;11630;0;12156;12139;10828;0;0;13332;0;0;10322;10492;0;0;10536;11867;0;0;11421;13028;0;0;14241;11373;0;0;14751;9723;0;0;12298;12592;0;0;9852;9849;10940;0;8522;8293;0;0;7791;8825;0;8936;10109;9365;9464;0;8597;10660;8274;9489;8894;13641;10923;11152;8717;9164
791;Viborg;3578;2739;2220;3944;2974;0;3181;3037;2758;3308;0;0;0;3147;3353;0;0;3475;3566;3902;5027;4464;3736;7717;5378;4296;5528;4613;0;4625;4700;0;0;4247;4900;0;5975;5802;7879;0;0;7333;6571;8284;6957;5932;7124;0;5192;0;0;0;0;7273;0;0;0;10931;11237;0;0;19145;10473;0;0;0;0;0;0;0;0;0;0;13899;17964;0;0;0;0;0;0;0;0;0;0;0;0;0;0;0;0;0;0;0;0;0;0;11233;13778;9860;0;14529;14999;10677;0;11639;15363;11219;12333;9421;12371;0;0;0;0
810;Brønderslev;0;0;0;0;0;0;0;0;0;0;0;0;0;0;0;0;0;0;0;0;0;0;0;0;0;0;0;0;0;0;0;0;0;0;0;0;0;0;0;0;0;0;0;0;0;0;0;0;0;0;0;0;0;0;0;0;0;0;0;0;0;0;0;0;0;0;0;0;0;0;0;0;0;0;0;0;0;0;0;0;0;0;0;0;0;0;0;0;0;0;0;0;0;0;0;0;0;0;0;0;0;0;0;0;0;0;0;0;0;0;0;0;0;0;0
813;Frederikshavn;3798;4388;4595;4644;5157;4676;4648;4972;4713;4515;4625;4824;5804;5229;4739;5472;4931;5907;4615;4939;5683;5742;5988;5869;7336;6328;6818;7142;5828;6695;6681;6310;7429;7600;8193;7436;6941;8302;8629;7461;7941;8431;7991;9182;8062;8680;9874;9558;9693;10435;8936;12984;11209;13736;16406;15411;14811;15985;14550;14148;16546;16882;15720;15858;16602;17009;26569;16674;16131;16475;20221;15824;15405;13838;16626;14635;15438;22030;15424;19790;14595;14328;16488;15132;19300;14084;20010;11657;18314;15837;17036;12844;13700;17463;12946;12375;15201;12554;17351;12698;13450;14362;14420;17205;14537;13185;12701;13637;13375;13946;14549;16504;15530;15646;16438
860;Hjørring;3848;4346;4414;4226;3906;4449;4137;4760;4566;4358;4344;4900;4831;5398;5071;5706;5289;5712;6039;5870;5595;6416;5464;6172;6170;6244;6182;7390;7294;7210;8068;6419;8012;7516;8568;7923;7762;9619;8427;7713;8551;9022;9211;10321;9024;9826;10311;10576;11348;12729;12713;12895;13820;16535;15827;16894;16336;19042;20104;19387;19467;18553;19078;19824;21203;19063;20129;20948;17468;16339;15852;17574;21229;18186;18370;17255;15309;16025;16171;17667;19091;15827;16472;16151;17934;17527;16597;18868;16726;19105;15945;18379;18901;15451;14141;16843;14746;15051;16168;14302;14828;16119;14985;16561;13252;15344;15416;16037;13213;18323;16180;16033;18839;16129;17476
849;Jammerbugt;5583;5157;5192;5285;5166;5286;4850;5276;5413;5631;6036;5193;5922;5908;5933;6124;6269;6005;6447;5980;6395;6335;6540;7224;6987;7364;7698;7980;8133;8229;8893;8460;8205;8399;8478;9083;9986;8826;9237;8726;9976;9868;10418;9624;10271;11568;10459;11243;11424;12642;14677;13874;15008;15330;16775;16883;17846;18604;17154;18174;17178;18810;18195;19615;18884;19671;19732;16725;15417;17539;20099;17049;16247;16733;17577;17011;15628;16892;17033;16033;16272;15995;17721;15400;16648;14743;14964;16262;15221;15828;15613;15618;14529;16649;14504;15918;17370;15921;16151;16512;14658;16906;17055;16333;17596;16753;17188;16218;17719;17378;15784;17000;16371;16422;18632
825;Læsø;0;0;0;0;0;0;0;0;0;0;0;0;0;0;0;0;0;0;0;0;0;0;0;0;0;0;0;0;0;0;0;0;0;0;0;0;0;0;0;0;0;0;0;0;0;0;0;0;0;0;0;0;0;12576;0;0;0;14448;15263;0;12697;13862;0;0;0;0;16279;0;0;0;14473;0;0;14773;0;0;0;17199;0;17329;0;9849;0;0;0;0;0;0;0;0;10858;0;0;11576;10862;0;9084;0;12326;0;12238;10628;12403;11237;13467;11936;12032;0;12561;13546;16874;16567;12409;13535;14612
846;Mariagerfjord;3265;3429;3046;3165;3492;3177;3157;2997;3178;3662;3659;4265;3866;3603;4230;4344;4056;4176;3763;4795;4127;4415;4487;4026;5179;4818;5582;5186;5739;5791;5552;5139;6126;5558;5873;6172;5618;6321;6924;7421;6591;6389;7340;6695;7173;7050;7438;8470;8617;8601;9174;8663;9601;10818;10754;8331;7721;10859;11932;10752;13245;12824;12596;11091;11758;13221;13892;10821;10447;11397;10509;15347;11409;12629;12817;11527;12155;12905;10472;11949;10596;14227;13598;10938;10631;9421;12928;12349;8888;10107;9395;9476;10500;10474;9527;10098;10296;9799;9238;8551;9709;10381;10721;9589;10281;9798;11197;11464;8962;10417;9959;10444;9859;10538;10528
773;Morsø;0;0;0;0;0;0;0;0;0;0;0;0;0;0;0;0;0;0;0;0;0;0;0;0;0;0;0;0;0;0;0;0;0;0;0;0;0;0;0;0;0;0;0;0;0;0;0;0;0;0;0;0;7906;8430;0;0;0;8917;10258;0;0;0;10642;0;0;14583;0;0;0;0;0;0;0;13633;0;0;0;0;0;0;0;0;0;0;0;0;0;0;0;0;0;0;0;0;0;0;0;7446;0;0;0;0;0;0;0;0;13113;0;0;0;0;0;0;0;0
840;Rebild;0;0;0;0;0;0;0;0;0;0;0;0;0;0;0;0;0;0;0;0;0;0;0;0;0;0;0;0;0;0;0;0;0;0;0;0;0;0;0;0;0;0;0;0;0;0;0;0;0;0;0;0;0;0;0;0;0;0;0;0;0;0;0;0;0;0;0;0;0;0;0;0;0;0;0;0;0;0;0;0;0;0;0;0;0;0;0;0;0;0;0;0;0;0;0;0;0;0;0;0;0;0;0;0;0;0;0;0;0;0;0;0;0;0;0
787;Thisted;4104;3267;3617;4745;4350;4848;4534;4332;4823;4392;3870;3976;4570;4424;4142;4795;5220;5088;4824;4930;5644;5869;5089;4557;5495;5711;6663;5906;6081;6411;6492;5816;6401;6167;6486;6333;6574;6699;6861;6074;6986;7600;6707;7248;7600;8019;8332;7688;8352;8123;10106;10149;10925;9743;11714;10558;12029;12855;11882;12167;12031;13862;14269;14289;13663;13953;12467;12498;12473;12748;14623;12480;11551;12489;10693;11539;12368;12189;10376;11053;10023;11093;11379;10189;11114;11647;12083;12169;11042;12272;9318;11622;9951;9830;10707;10186;10803;11291;11806;11265;11335;11076;10629;11597;11696;12536;10854;12421;11563;13002;11129;12491;11392;12029;12354
820;Vesthimmerlands;3241;3715;3781;4158;3909;3168;3575;4009;3621;3880;3585;4630;3824;3734;4026;3931;4082;4020;4145;4409;3656;4449;4708;4314;4706;4309;4639;4808;5575;5123;5079;5312;5211;5918;5553;5693;5981;6088;5950;6019;6999;6325;6731;5930;6723;6536;7296;7572;7308;8025;7853;9155;8229;8891;10797;9006;8102;10740;11082;13036;13632;11296;11728;9936;12154;10978;11424;12881;0;11125;11258;10389;11828;11156;12027;14046;11375;11683;9716;9144;10455;9903;9807;11919;11812;8533;10665;11225;8265;9341;8283;8293;8835;10024;7635;8428;8618;7999;8732;8077;8258;8978;8654;9289;7371;9597;8550;9443;8731;9357;9583;9259;10259;9694;10444
851;Aalborg;2890;2754;2807;3039;2746;3125;3023;3196;3072;3355;3285;3047;3134;3202;3313;3199;3822;3379;3292;3061;3878;3750;3575;3992;4061;4292;4133;4442;4571;4738;4897;5007;5061;4888;5154;5378;6132;5624;5106;5296;5917;5619;6053;5734;6789;6105;6037;6140;6624;7478;7242;7732;9334;9994;10246;9979;10243;11745;10931;12130;10326;12413;11591;13010;12550;13740;11363;12034;9878;10518;11779;12611;10870;10722;10110;10287;9900;10065;9972;10640;10484;10673;9391;9819;7763;10786;10123;10452;7400;9038;9964;8724;8472;9470;9059;8706;8714;8352;8587;9367;9531;8728;9360;9321;8770;9184;10104;9476;9088;9531;9343;10078;10098;9624;10441